{"id":"Mallocs","type":"gauge","value":18303}
{"id":"GCSys","type":"gauge","value":8741784}
{"id":"RandomValue","type":"gauge","value":6.092765262963821}
{"id":"MCacheInuse","type":"gauge","value":4800}
{"id":"BuckHashSys","type":"gauge","value":3965}
{"id":"HeapReleased","type":"gauge","value":4128768}
{"id":"MCacheSys","type":"gauge","value":15600}
{"id":"StackSys","type":"gauge","value":491520}
{"id":"HeapInuse","type":"gauge","value":1744896}
{"id":"NumGC","type":"gauge","value":3}
{"id":"HeapSys","type":"gauge","value":7897088}
{"id":"HeapObjects","type":"gauge","value":1461}
{"id":"MSpanInuse","type":"gauge","value":68688}
{"id":"Frees","type":"gauge","value":16842}
{"id":"Sys","type":"gauge","value":18070544}
{"id":"PauseTotalNs","type":"gauge","value":289187}
{"id":"HeapAlloc","type":"gauge","value":753976}
{"id":"GCCPUFraction","type":"gauge","value":0.000018704476824154626}
{"id":"Alloc","type":"gauge","value":753976}
{"id":"TotalAlloc","type":"gauge","value":9381688}
{"id":"NextGC","type":"gauge","value":4194304}
{"id":"OtherSys","type":"gauge","value":839227}
{"id":"LastGC","type":"gauge","value":1699301873895505000}
{"id":"MSpanSys","type":"gauge","value":81360}
{"id":"Lookups","type":"gauge","value":0}
{"id":"HeapIdle","type":"gauge","value":6152192}
{"id":"NumForcedGC","type":"gauge","value":0}
{"id":"StackInuse","type":"gauge","value":491520}
{"id":"PollCount","type":"counter","delta":1661}
